
Insert into ETX_ADT_USER (USR_ID,USR_NAME,USR_PASSWORD,USR_CREATED_ON,USR_UPDATED_ON) VALUES (10003,'USER_3','USER_1','2015-09-11',null);

Insert into ETX_ADT_USER (USR_ID,USR_NAME,USR_PASSWORD,USR_CREATED_ON,USR_UPDATED_ON) VALUES (30001,'USER_SYS_BACKEND_1','USER_SYS_BACKEND_1','2017-03-02',null);
Insert into ETX_ADT_USER (USR_ID,USR_NAME,USR_PASSWORD,USR_CREATED_ON,USR_UPDATED_ON) VALUES (30002,'USER_SYS_BACKEND_2','USER_SYS_BACKEND_2','2017-03-02',null);

Insert into ETX_ADT_SYSTEM (SYS_ID,SYS_NAME,USERNAME,SYS_BACKEND_USR_ID,SYS_CREATED_ON,SYS_UPDATED_ON) VALUES (101,'SYSTEM_1','USER_SYS_1',30001,'2015-02-13','2015-02-13');
Insert into ETX_ADT_SYSTEM (SYS_ID,SYS_NAME,USERNAME,SYS_BACKEND_USR_ID,SYS_CREATED_ON,SYS_UPDATED_ON) VALUES (102,'SYSTEM_2','USER_SYS_2',30002,'2015-02-13','2015-02-13');

Insert into ETX_ADT_PARTY (PAR_ID,PAR_UUID,SYS_ID,PAR_CREATED_ON,PAR_UPDATED_ON) VALUES (1001,'PARTY_1',101,'2017-03-02',null);
Insert into ETX_ADT_PARTY (PAR_ID,PAR_UUID,SYS_ID,PAR_CREATED_ON,PAR_UPDATED_ON) VALUES (1002,'PARTY_2',102,'2017-03-02',null);

Insert into ETX_ADT_MESSAGE (MSG_ID,MSG_TYPE,MSG_UUID,MSG_STATE,MSG_PARENT_UUID,MSG_REF_UUID,MSG_REF_STATE,MSG_SUBJECT,MSG_CONTENT,MSG_SENDER_PAR_ID,MSG_RECEIVER_PAR_ID,MSG_NOTIFICATION_STATE,MSG_DIRECTION,MSG_ISSUE_DT,ERR_ID,MSG_CREATED_ON,MSG_UPDATED_ON,MSG_STATUS_REASON_CODE,DOMIBUS_MESSAGEID) VALUES (11,'MESSAGE_STATUS','44488','MS_CREATED',null,'BDL15FEB2016-26744705251210_1OF1','READ',null,null,1001,1002,null,'OUT','2017-03-17',null,'2017-07-10','2017-07-10',null,'2e09ab8a-3802-4318-9de6-b2a74af8e82c@domibus.eu');
Insert into ETX_ADT_ATTACHMENT (ATT_ID,MSG_ID,ATT_UUID,ATT_TYPE,ATT_STATE,ATT_DIRECTION,ATT_FILE_NAME,ATT_FILE_PATH,ATT_FILE_SIZE,ATT_MIME_TYPE,ATT_CHECKSUM,ATT_CHECKSUM_ALGORITHM,ATT_CREATED_ON,ATT_UPDATED_ON,ERR_ID,ATT_ACTIVE_STATE,DOMIBUS_MESSAGEID) VALUES (10,11,'FGA_f795f693-3ee2-4153-8c1a-55a6edb37930_1','BINARY','ATTS_CREATED','OUTGOING','eupl1.1.-licence-en_0.pdf',null,34271,null,'26316A5CAE50C2234CA16717C1F1CBE7B0330F7AA663BB94BEB622F1D4751634B4CA4A8CF4298974214C40353C5E6FAEE954561830871B5EFAC02776E9F925CB','SHA_512','2018-01-12','2018-01-12',null,1,null);
Insert into ETX_ADT_MESSAGE (MSG_ID,MSG_TYPE,MSG_UUID,MSG_STATE,MSG_PARENT_UUID,MSG_REF_UUID,MSG_REF_STATE,MSG_SUBJECT,MSG_CONTENT,MSG_SENDER_PAR_ID,MSG_RECEIVER_PAR_ID,MSG_NOTIFICATION_STATE,MSG_DIRECTION,MSG_ISSUE_DT,ERR_ID,MSG_CREATED_ON,MSG_UPDATED_ON,MSG_STATUS_REASON_CODE,DOMIBUS_MESSAGEID) VALUES (12,'MESSAGE_STATUS','44477','MS_PROCESSED',null,'BDL15FEB2016-26744705251210_1OF1','READ',null,null,1001,1002,'NF_NOTIFIED','IN','2017-03-17',null,'2017-07-10','2017-07-10',null,null);
Insert into ETX_ADT_MESSAGE (MSG_ID,MSG_TYPE,MSG_UUID,MSG_STATE,MSG_PARENT_UUID,MSG_REF_UUID,MSG_REF_STATE,MSG_SUBJECT,MSG_CONTENT,MSG_SENDER_PAR_ID,MSG_RECEIVER_PAR_ID,MSG_NOTIFICATION_STATE,MSG_DIRECTION,MSG_ISSUE_DT,ERR_ID,MSG_CREATED_ON,MSG_UPDATED_ON,MSG_STATUS_REASON_CODE,DOMIBUS_MESSAGEID) VALUES (13,'MESSAGE_STATUS','44476','MS_PROCESSED',null,'BDL15FEB2016-26744705251210_1OF1','READ',null,null,1001,1002,'NF_EXPIRED','IN','2017-03-17',null,'2017-07-10','2017-07-10',null,null);
Insert into ETX_ADT_MESSAGE (MSG_ID,MSG_TYPE,MSG_UUID,MSG_STATE,MSG_PARENT_UUID,MSG_REF_UUID,MSG_REF_STATE,MSG_SUBJECT,MSG_CONTENT,MSG_SENDER_PAR_ID,MSG_RECEIVER_PAR_ID,MSG_NOTIFICATION_STATE,MSG_DIRECTION,MSG_ISSUE_DT,ERR_ID,MSG_CREATED_ON,MSG_UPDATED_ON,MSG_STATUS_REASON_CODE,DOMIBUS_MESSAGEID) VALUES (14,'MESSAGE_STATUS','44475','MS_UPLOADED',null,'BDL15FEB2016-26744705251210_1OF1','READ',null,null,1001,1002,'NF_AUTO_PENDING','IN','2017-03-17',null,'2017-07-10','2017-07-10',null,null);
Insert into ETX_ADT_MESSAGE (MSG_ID,MSG_TYPE,MSG_UUID,MSG_STATE,MSG_PARENT_UUID,MSG_REF_UUID,MSG_REF_STATE,MSG_SUBJECT,MSG_CONTENT,MSG_SENDER_PAR_ID,MSG_RECEIVER_PAR_ID,MSG_NOTIFICATION_STATE,MSG_DIRECTION,MSG_ISSUE_DT,ERR_ID,MSG_CREATED_ON,MSG_UPDATED_ON,MSG_STATUS_REASON_CODE,DOMIBUS_MESSAGEID) VALUES (15,'MESSAGE_STATUS','44477','MS_PROCESSED',null,'BDL15FEB2016-26744705251210_1OF1','READ',null,null,1001,1002,'NF_NOTIFIED','OUT','2017-03-17',null,'2017-07-10','2017-07-10',null,null);

Insert into ETX_ADT_MESSAGE (MSG_ID,MSG_TYPE,MSG_UUID,MSG_STATE,MSG_PARENT_UUID,MSG_REF_UUID,MSG_REF_STATE,MSG_SUBJECT,MSG_CONTENT,MSG_SENDER_PAR_ID,MSG_RECEIVER_PAR_ID,MSG_NOTIFICATION_STATE,MSG_DIRECTION,MSG_ISSUE_DT,ERR_ID,MSG_CREATED_ON,MSG_UPDATED_ON,MSG_STATUS_REASON_CODE,DOMIBUS_MESSAGEID) VALUES (10,'MESSAGE_STATUS','44466','MS_CREATED',null,'BDL15FEB2016-26744705251210_1OF1','READ',null,null,1001,1002,null,'OUT','2017-03-17',null,'2017-07-10','2017-07-10',null,null);

Insert into ETX_ADT_ATTACHMENT (ATT_ID,MSG_ID,ATT_UUID,ATT_TYPE,ATT_STATE,ATT_DIRECTION,ATT_FILE_NAME,ATT_FILE_PATH,ATT_FILE_SIZE,ATT_MIME_TYPE,ATT_CHECKSUM,ATT_CHECKSUM_ALGORITHM,ATT_CREATED_ON,ATT_UPDATED_ON,ERR_ID,ATT_ACTIVE_STATE,DOMIBUS_MESSAGEID) VALUES (11,10,'FGA_f795f693-3ee2-4153-8c1a-55a6edb37930_01','BINARY','ATTS_FAILED','OUTGOING','eupl1.1.-licence-en_0.pdf',null,34271,null,'26316A5CAE50C2234CA16717C1F1CBE7B0330F7AA663BB94BEB622F1D4751634B4CA4A8CF4298974214C40353C5E6FAEE954561830871B5EFAC02776E9F925CB','SHA_512','2018-01-01','2018-01-01',null,1,'b3f36a7e-7077-40ae-8eed-d2af13f22f26@domibus.eu');
Insert into ETX_ADT_ATTACHMENT (ATT_ID,MSG_ID,ATT_UUID,ATT_TYPE,ATT_STATE,ATT_DIRECTION,ATT_FILE_NAME,ATT_FILE_PATH,ATT_FILE_SIZE,ATT_MIME_TYPE,ATT_CHECKSUM,ATT_CHECKSUM_ALGORITHM,ATT_CREATED_ON,ATT_UPDATED_ON,ERR_ID,ATT_ACTIVE_STATE,DOMIBUS_MESSAGEID) VALUES (12,10,'FGA_f795f693-3ee2-4153-8c1a-55a6edb37930_02','BINARY','ATTS_CREATED','OUTGOING','eupl1.1.-licence-en_0.pdf',null,34271,null,'26316A5CAE50C2234CA16717C1F1CBE7B0330F7AA663BB94BEB622F1D4751634B4CA4A8CF4298974214C40353C5E6FAEE954561830871B5EFAC02776E9F925CB','SHA_512','2018-01-02','2018-01-02',null,1,null);
Insert into ETX_ADT_ATTACHMENT (ATT_ID,MSG_ID,ATT_UUID,ATT_TYPE,ATT_STATE,ATT_DIRECTION,ATT_FILE_NAME,ATT_FILE_PATH,ATT_FILE_SIZE,ATT_MIME_TYPE,ATT_CHECKSUM,ATT_CHECKSUM_ALGORITHM,ATT_CREATED_ON,ATT_UPDATED_ON,ERR_ID,ATT_ACTIVE_STATE,DOMIBUS_MESSAGEID) VALUES (13,10,'FGA_f795f693-3ee2-4153-8c1a-55a6edb37930_03','BINARY','ATTS_DOWNLOADED','OUTGOING','eupl1.1.-licence-en_0.pdf',null,34271,null,'26316A5CAE50C2234CA16717C1F1CBE7B0330F7AA663BB94BEB622F1D4751634B4CA4A8CF4298974214C40353C5E6FAEE954561830871B5EFAC02776E9F925CB','SHA_512','2018-01-03','2018-01-03',null,1,null);
Insert into ETX_ADT_ATTACHMENT (ATT_ID,MSG_ID,ATT_UUID,ATT_TYPE,ATT_STATE,ATT_DIRECTION,ATT_FILE_NAME,ATT_FILE_PATH,ATT_FILE_SIZE,ATT_MIME_TYPE,ATT_CHECKSUM,ATT_CHECKSUM_ALGORITHM,ATT_CREATED_ON,ATT_UPDATED_ON,ERR_ID,ATT_ACTIVE_STATE,DOMIBUS_MESSAGEID) VALUES (14,10,'FGA_f795f693-3ee2-4153-8c1a-55a6edb37930_04','BINARY','ATTS_UPLOADED','OUTGOING','eupl1.1.-licence-en_0.pdf',null,34271,null,'26316A5CAE50C2234CA16717C1F1CBE7B0330F7AA663BB94BEB622F1D4751634B4CA4A8CF4298974214C40353C5E6FAEE954561830871B5EFAC02776E9F925CB','SHA_512','2018-01-04','2018-01-04',null,1,null);
Insert into ETX_ADT_ATTACHMENT (ATT_ID,MSG_ID,ATT_UUID,ATT_TYPE,ATT_STATE,ATT_DIRECTION,ATT_FILE_NAME,ATT_FILE_PATH,ATT_FILE_SIZE,ATT_MIME_TYPE,ATT_CHECKSUM,ATT_CHECKSUM_ALGORITHM,ATT_CREATED_ON,ATT_UPDATED_ON,ERR_ID,ATT_ACTIVE_STATE,DOMIBUS_MESSAGEID) VALUES (15,10,'FGA_f795f693-3ee2-4153-8c1a-55a6edb37930_05','BINARY','ATTS_ALREADY_UPLOADED','OUTGOING','eupl1.1.-licence-en_0.pdf',null,34271,null,'26316A5CAE50C2234CA16717C1F1CBE7B0330F7AA663BB94BEB622F1D4751634B4CA4A8CF4298974214C40353C5E6FAEE954561830871B5EFAC02776E9F925CB','SHA_512','2018-01-05','2018-01-05',null,1,null);
Insert into ETX_ADT_ATTACHMENT (ATT_ID,MSG_ID,ATT_UUID,ATT_TYPE,ATT_STATE,ATT_DIRECTION,ATT_FILE_NAME,ATT_FILE_PATH,ATT_FILE_SIZE,ATT_MIME_TYPE,ATT_CHECKSUM,ATT_CHECKSUM_ALGORITHM,ATT_CREATED_ON,ATT_UPDATED_ON,ERR_ID,ATT_ACTIVE_STATE,DOMIBUS_MESSAGEID) VALUES (16,10,'FGA_f795f693-3ee2-4153-8c1a-55a6edb37930_06','BINARY','ATTS_IGNORED','OUTGOING','eupl1.1.-licence-en_0.pdf',null,34271,null,'26316A5CAE50C2234CA16717C1F1CBE7B0330F7AA663BB94BEB622F1D4751634B4CA4A8CF4298974214C40353C5E6FAEE954561830871B5EFAC02776E9F925CB','SHA_512','2018-01-06','2018-01-06',null,1,null);

Insert into ETX_ADT_ATTACHMENT (ATT_ID,MSG_ID,ATT_UUID,ATT_TYPE,ATT_STATE,ATT_DIRECTION,ATT_FILE_NAME,ATT_FILE_PATH,ATT_FILE_SIZE,ATT_MIME_TYPE,ATT_CHECKSUM,ATT_CHECKSUM_ALGORITHM,ATT_CREATED_ON,ATT_UPDATED_ON,ERR_ID,ATT_ACTIVE_STATE,DOMIBUS_MESSAGEID) VALUES (21,10,'FGA_f795f693-3ee2-4153-8c1a-55a6edb37930_07','BINARY','ATTS_FAILED','OUTGOING','eupl1.1.-licence-en_0.pdf',null,34271,null,'26316A5CAE50C2234CA16717C1F1CBE7B0330F7AA663BB94BEB622F1D4751634B4CA4A8CF4298974214C40353C5E6FAEE954561830871B5EFAC02776E9F925CB','SHA_512','2018-01-01','2018-01-01',null,0,null);
Insert into ETX_ADT_ATTACHMENT (ATT_ID,MSG_ID,ATT_UUID,ATT_TYPE,ATT_STATE,ATT_DIRECTION,ATT_FILE_NAME,ATT_FILE_PATH,ATT_FILE_SIZE,ATT_MIME_TYPE,ATT_CHECKSUM,ATT_CHECKSUM_ALGORITHM,ATT_CREATED_ON,ATT_UPDATED_ON,ERR_ID,ATT_ACTIVE_STATE,DOMIBUS_MESSAGEID) VALUES (22,10,'FGA_f795f693-3ee2-4153-8c1a-55a6edb37930_08','BINARY','ATTS_CREATED','OUTGOING','eupl1.1.-licence-en_0.pdf',null,34271,null,'26316A5CAE50C2234CA16717C1F1CBE7B0330F7AA663BB94BEB622F1D4751634B4CA4A8CF4298974214C40353C5E6FAEE954561830871B5EFAC02776E9F925CB','SHA_512','2018-01-02','2018-01-02',null,0,null);
Insert into ETX_ADT_ATTACHMENT (ATT_ID,MSG_ID,ATT_UUID,ATT_TYPE,ATT_STATE,ATT_DIRECTION,ATT_FILE_NAME,ATT_FILE_PATH,ATT_FILE_SIZE,ATT_MIME_TYPE,ATT_CHECKSUM,ATT_CHECKSUM_ALGORITHM,ATT_CREATED_ON,ATT_UPDATED_ON,ERR_ID,ATT_ACTIVE_STATE,DOMIBUS_MESSAGEID) VALUES (23,10,'FGA_f795f693-3ee2-4153-8c1a-55a6edb37930_09','BINARY','ATTS_DOWNLOADED','OUTGOING','eupl1.1.-licence-en_0.pdf',null,34271,null,'26316A5CAE50C2234CA16717C1F1CBE7B0330F7AA663BB94BEB622F1D4751634B4CA4A8CF4298974214C40353C5E6FAEE954561830871B5EFAC02776E9F925CB','SHA_512','2018-01-03','2018-01-03',null,0,null);
Insert into ETX_ADT_ATTACHMENT (ATT_ID,MSG_ID,ATT_UUID,ATT_TYPE,ATT_STATE,ATT_DIRECTION,ATT_FILE_NAME,ATT_FILE_PATH,ATT_FILE_SIZE,ATT_MIME_TYPE,ATT_CHECKSUM,ATT_CHECKSUM_ALGORITHM,ATT_CREATED_ON,ATT_UPDATED_ON,ERR_ID,ATT_ACTIVE_STATE,DOMIBUS_MESSAGEID) VALUES (24,10,'FGA_f795f693-3ee2-4153-8c1a-55a6edb37930_10','BINARY','ATTS_UPLOADED','OUTGOING','eupl1.1.-licence-en_0.pdf',null,34271,null,'26316A5CAE50C2234CA16717C1F1CBE7B0330F7AA663BB94BEB622F1D4751634B4CA4A8CF4298974214C40353C5E6FAEE954561830871B5EFAC02776E9F925CB','SHA_512','2018-01-04','2018-01-04',null,0,null);
Insert into ETX_ADT_ATTACHMENT (ATT_ID,MSG_ID,ATT_UUID,ATT_TYPE,ATT_STATE,ATT_DIRECTION,ATT_FILE_NAME,ATT_FILE_PATH,ATT_FILE_SIZE,ATT_MIME_TYPE,ATT_CHECKSUM,ATT_CHECKSUM_ALGORITHM,ATT_CREATED_ON,ATT_UPDATED_ON,ERR_ID,ATT_ACTIVE_STATE,DOMIBUS_MESSAGEID) VALUES (25,10,'FGA_f795f693-3ee2-4153-8c1a-55a6edb37930_11','BINARY','ATTS_ALREADY_UPLOADED','OUTGOING','eupl1.1.-licence-en_0.pdf',null,34271,null,'26316A5CAE50C2234CA16717C1F1CBE7B0330F7AA663BB94BEB622F1D4751634B4CA4A8CF4298974214C40353C5E6FAEE954561830871B5EFAC02776E9F925CB','SHA_512','2018-01-05','2018-01-05',null,0,null);
Insert into ETX_ADT_ATTACHMENT (ATT_ID,MSG_ID,ATT_UUID,ATT_TYPE,ATT_STATE,ATT_DIRECTION,ATT_FILE_NAME,ATT_FILE_PATH,ATT_FILE_SIZE,ATT_MIME_TYPE,ATT_CHECKSUM,ATT_CHECKSUM_ALGORITHM,ATT_CREATED_ON,ATT_UPDATED_ON,ERR_ID,ATT_ACTIVE_STATE,DOMIBUS_MESSAGEID) VALUES (26,10,'FGA_f795f693-3ee2-4153-8c1a-55a6edb37930_12','BINARY','ATTS_IGNORED','OUTGOING','eupl1.1.-licence-en_0.pdf',null,34271,null,'26316A5CAE50C2234CA16717C1F1CBE7B0330F7AA663BB94BEB622F1D4751634B4CA4A8CF4298974214C40353C5E6FAEE954561830871B5EFAC02776E9F925CB','SHA_512','2018-01-06','2018-01-06',null,0,null);

Insert into ETX_ADT_ICA (ICA_ID,ICA_SENDER_PAR_ID,ICA_RECEIVER_PAR_ID,ICA_XML,ICA_CREATED_ON,ICA_UPDATED_ON) VALUES (10,1001,1002,'<ec.schema.xsd.commonaggregatecomponents__2.InterchangeAgreementType><senderParty><endpointID><value>BLUE_FGA_WL</value><schemeID>GLN</schemeID></endpointID><partyIdentification><oasis.names.specification.ubl.schema.xsd.commonaggregatecomponents__2.PartyIdentificationType><id><value>BLUE_FGA_WL</value><schemeID>GLN</schemeID></id></oasis.names.specification.ubl.schema.xsd.commonaggregatecomponents__2.PartyIdentificationType></partyIdentification></senderParty><receiverParty><endpointID><value>TESTEDEL_EGREFFE_PLUGIN_SENDER1</value><schemeID>GLN</schemeID></endpointID><partyIdentification><oasis.names.specification.ubl.schema.xsd.commonaggregatecomponents__2.PartyIdentificationType><id><value>TESTEDEL_EGREFFE_PLUGIN_SENDER1</value><schemeID>GLN</schemeID></id></oasis.names.specification.ubl.schema.xsd.commonaggregatecomponents__2.PartyIdentificationType></partyIdentification></receiverParty><securityInformation><confidentialityLevelCode><value>0</value></confidentialityLevelCode><integrityLevelCode><value>0</value></integrityLevelCode><availabilityLevelCode><value>0</value></availabilityLevelCode><receiverPartyCertificate/></securityInformation><documentTypeCode><value/></documentTypeCode><profileID><value>Bundle</value></profileID></ec.schema.xsd.commonaggregatecomponents__2.InterchangeAgreementType>','2015-02-13','2015-02-13');


---Test Data for PostUpload polling cron job start
---Pending Outgoing MessageBundle with all attachments in uploaded state
INSERT INTO ETX_ADT_MESSAGE(MSG_ID,MSG_TYPE,MSG_UUID,MSG_STATE,MSG_PARENT_UUID,MSG_REF_UUID,MSG_REF_STATE,MSG_SUBJECT,MSG_CONTENT,MSG_SENDER_PAR_ID,MSG_RECEIVER_PAR_ID,MSG_NOTIFICATION_STATE,MSG_DIRECTION,MSG_ISSUE_DT,ERR_ID,MSG_CREATED_ON,MSG_UPDATED_ON,MSG_STATUS_REASON_CODE,DOMIBUS_MESSAGEID) VALUES (16,'MESSAGE_BUNDLE','BNDL_16','MS_CREATED',null,null,null ,'EUPL TEST MSG SUBJECT BNDL_16','EUPL TEST MSG CONTENT',1001,1002,null,'OUT',CURRENT_DATE,null,CURRENT_DATE,CURRENT_DATE,null,NULL);
INSERT INTO ETX_ADT_ATTACHMENT (ATT_ID,MSG_ID,ATT_UUID,ATT_TYPE,ATT_STATE,ATT_DIRECTION,ATT_FILE_NAME,ATT_FILE_PATH,ATT_FILE_SIZE,ATT_MIME_TYPE,ATT_CHECKSUM,ATT_CHECKSUM_ALGORITHM,ATT_CREATED_ON,ATT_UPDATED_ON,ERR_ID,ATT_ACTIVE_STATE,DOMIBUS_MESSAGEID) VALUES (27,16,'BNDL_16_ATT_01',      'BINARY',  'ATTS_UPLOADED',          'OUTGOING','eupl1.1.-licence-en_0.pdf','RELATIVE PATH',34271,'application/pdf','26316A5CAE50C2234CA16717C1F1CBE7B0330F7AA663BB94BEB622F1D4751634B4CA4A8CF4298974214C40353C5E6FAEE954561830871B5EFAC02776E9F925CB','SHA_512',CURRENT_DATE ,CURRENT_DATE ,null,1,'b3f36a7e-7077-40ae-8eed-d2af13f22f25@domibus.eu');
INSERT INTO ETX_ADT_ATTACHMENT (ATT_ID,MSG_ID,ATT_UUID,ATT_TYPE,ATT_STATE,ATT_DIRECTION,ATT_FILE_NAME,ATT_FILE_PATH,ATT_FILE_SIZE,ATT_MIME_TYPE,ATT_CHECKSUM,ATT_CHECKSUM_ALGORITHM,ATT_CREATED_ON,ATT_UPDATED_ON,ERR_ID,ATT_ACTIVE_STATE,DOMIBUS_MESSAGEID) VALUES (28,16,'BNDL_16_ATT_02',      'BINARY',  'ATTS_UPLOADED',          'OUTGOING','eupl1.1.-licence-en_0.pdf','RELATIVE PATH',34271,'application/pdf','26316A5CAE50C2234CA16717C1F1CBE7B0330F7AA663BB94BEB622F1D4751634B4CA4A8CF4298974214C40353C5E6FAEE954561830871B5EFAC02776E9F925CB','SHA_512',CURRENT_DATE ,CURRENT_DATE ,null,1,'b3f36a7e-7077-40ae-8eed-d2af13f22f27@domibus.eu');
INSERT INTO ETX_ADT_ATTACHMENT (ATT_ID,MSG_ID,ATT_UUID,ATT_TYPE,ATT_STATE,ATT_DIRECTION,ATT_FILE_NAME,ATT_FILE_PATH,ATT_FILE_SIZE,ATT_MIME_TYPE,ATT_CHECKSUM,ATT_CHECKSUM_ALGORITHM,ATT_CREATED_ON,ATT_UPDATED_ON,ERR_ID,ATT_ACTIVE_STATE,DOMIBUS_MESSAGEID) VALUES (29,16,'BNDL_16_ATT_03',      'BINARY',  'ATTS_ALREADY_UPLOADED',  'OUTGOING','eupl1.1.-licence-en_0.pdf','RELATIVE PATH',34271,'application/pdf','26316A5CAE50C2234CA16717C1F1CBE7B0330F7AA663BB94BEB622F1D4751634B4CA4A8CF4298974214C40353C5E6FAEE954561830871B5EFAC02776E9F925CB','SHA_512',CURRENT_DATE ,CURRENT_DATE ,null,1,null);
INSERT INTO ETX_ADT_ATTACHMENT (ATT_ID,MSG_ID,ATT_UUID,ATT_TYPE,ATT_STATE,ATT_DIRECTION,ATT_FILE_NAME,ATT_FILE_PATH,ATT_FILE_SIZE,ATT_MIME_TYPE,ATT_CHECKSUM,ATT_CHECKSUM_ALGORITHM,ATT_CREATED_ON,ATT_UPDATED_ON,ERR_ID,ATT_ACTIVE_STATE,DOMIBUS_MESSAGEID) VALUES (30,16,'BNDL_16_ATT_04',      'BINARY',  'ATTS_UPLOADED',          'OUTGOING','eupl1.1.-licence-en_0.pdf','RELATIVE PATH',34271,'application/pdf','26316A5CAE50C2234CA16717C1F1CBE7B0330F7AA663BB94BEB622F1D4751634B4CA4A8CF4298974214C40353C5E6FAEE954561830871B5EFAC02776E9F925CB','SHA_512',CURRENT_DATE ,CURRENT_DATE ,null,1,'b3f36a7e-7077-40ae-8eed-d2af13f22f29@domibus.eu');
INSERT INTO ETX_ADT_ATTACHMENT (ATT_ID,MSG_ID,ATT_UUID,ATT_TYPE,ATT_STATE,ATT_DIRECTION,ATT_FILE_NAME,ATT_FILE_PATH,ATT_FILE_SIZE,ATT_MIME_TYPE,ATT_CHECKSUM,ATT_CHECKSUM_ALGORITHM,ATT_CREATED_ON,ATT_UPDATED_ON,ERR_ID,ATT_ACTIVE_STATE,DOMIBUS_MESSAGEID) VALUES (31,16,'BNDL_16_ATT_05',      'BINARY',  'ATTS_ALREADY_UPLOADED',  'OUTGOING','eupl1.1.-licence-en_0.pdf','RELATIVE PATH',34271,'application/pdf','26316A5CAE50C2234CA16717C1F1CBE7B0330F7AA663BB94BEB622F1D4751634B4CA4A8CF4298974214C40353C5E6FAEE954561830871B5EFAC02776E9F925CB','SHA_512',CURRENT_DATE ,CURRENT_DATE ,null,1,null);
INSERT INTO ETX_ADT_ATTACHMENT (ATT_ID,MSG_ID,ATT_UUID,ATT_TYPE,ATT_STATE,ATT_DIRECTION,ATT_FILE_NAME,ATT_FILE_PATH,ATT_FILE_SIZE,ATT_MIME_TYPE,ATT_CHECKSUM,ATT_CHECKSUM_ALGORITHM,ATT_CREATED_ON,ATT_UPDATED_ON,ERR_ID,ATT_ACTIVE_STATE,DOMIBUS_MESSAGEID) VALUES (32,16,'BNDL_16_ATT_METADATA','METADATA','ATTS_IGNORED',           'OUTGOING','eupl1.1.-licence-en_0.pdf','RELATIVE PATH',34271,'application/txt','26316A5CAE50C2234CA16717C1F1CBE7B0330F7AA663BB94BEB622F1D4751634B4CA4A8CF4298974214C40353C5E6FAEE954561830871B5EFAC02776E9F925CB','SHA_512',CURRENT_DATE ,CURRENT_DATE ,null,1,null);

---Pending Outgoing MessageBundle with all attachment in final states and 1 attachment is in failed state
INSERT INTO ETX_ADT_MESSAGE(MSG_ID,MSG_TYPE,MSG_UUID,MSG_STATE,MSG_PARENT_UUID,MSG_REF_UUID,MSG_REF_STATE,MSG_SUBJECT,MSG_CONTENT,MSG_SENDER_PAR_ID,MSG_RECEIVER_PAR_ID,MSG_NOTIFICATION_STATE,MSG_DIRECTION,MSG_ISSUE_DT,ERR_ID,MSG_CREATED_ON,MSG_UPDATED_ON,MSG_STATUS_REASON_CODE,DOMIBUS_MESSAGEID) VALUES (17,'MESSAGE_BUNDLE','BNDL_17','MS_CREATED',null,null,null ,'EUPL TEST MSG SUBJECT BNDL_17','EUPL TEST MSG CONTENT',1001,1002,null,'OUT',CURRENT_DATE,null,CURRENT_DATE,CURRENT_DATE,null,NULL);
INSERT INTO ETX_ADT_ATTACHMENT (ATT_ID,MSG_ID,ATT_UUID,ATT_TYPE,ATT_STATE,ATT_DIRECTION,ATT_FILE_NAME,ATT_FILE_PATH,ATT_FILE_SIZE,ATT_MIME_TYPE,ATT_CHECKSUM,ATT_CHECKSUM_ALGORITHM,ATT_CREATED_ON,ATT_UPDATED_ON,ERR_ID,ATT_ACTIVE_STATE,DOMIBUS_MESSAGEID) VALUES (33,17,'BNDL_17_ATT_01',      'BINARY',  'ATTS_UPLOADED',          'OUTGOING','eupl1.1.-licence-en_0.pdf','RELATIVE PATH',34271,'application/pdf','26316A5CAE50C2234CA16717C1F1CBE7B0330F7AA663BB94BEB622F1D4751634B4CA4A8CF4298974214C40353C5E6FAEE954561830871B5EFAC02776E9F925CB','SHA_512',CURRENT_DATE ,CURRENT_DATE ,null,1,'b3f36a7e-7077-40ae-8eed-d2af13f22f30@domibus.eu');
INSERT INTO ETX_ADT_ATTACHMENT (ATT_ID,MSG_ID,ATT_UUID,ATT_TYPE,ATT_STATE,ATT_DIRECTION,ATT_FILE_NAME,ATT_FILE_PATH,ATT_FILE_SIZE,ATT_MIME_TYPE,ATT_CHECKSUM,ATT_CHECKSUM_ALGORITHM,ATT_CREATED_ON,ATT_UPDATED_ON,ERR_ID,ATT_ACTIVE_STATE,DOMIBUS_MESSAGEID) VALUES (34,17,'BNDL_17_ATT_02',      'BINARY',  'ATTS_UPLOADED',          'OUTGOING','eupl1.1.-licence-en_0.pdf','RELATIVE PATH',34271,'application/pdf','26316A5CAE50C2234CA16717C1F1CBE7B0330F7AA663BB94BEB622F1D4751634B4CA4A8CF4298974214C40353C5E6FAEE954561830871B5EFAC02776E9F925CB','SHA_512',CURRENT_DATE ,CURRENT_DATE ,null,1,'b3f36a7e-7077-40ae-8eed-d2af13f22f2331@domibus.eu');
INSERT INTO ETX_ADT_ATTACHMENT (ATT_ID,MSG_ID,ATT_UUID,ATT_TYPE,ATT_STATE,ATT_DIRECTION,ATT_FILE_NAME,ATT_FILE_PATH,ATT_FILE_SIZE,ATT_MIME_TYPE,ATT_CHECKSUM,ATT_CHECKSUM_ALGORITHM,ATT_CREATED_ON,ATT_UPDATED_ON,ERR_ID,ATT_ACTIVE_STATE,DOMIBUS_MESSAGEID) VALUES (35,17,'BNDL_17_ATT_03',      'BINARY',  'ATTS_ALREADY_UPLOADED',  'OUTGOING','eupl1.1.-licence-en_0.pdf','RELATIVE PATH',34271,'application/pdf','26316A5CAE50C2234CA16717C1F1CBE7B0330F7AA663BB94BEB622F1D4751634B4CA4A8CF4298974214C40353C5E6FAEE954561830871B5EFAC02776E9F925CB','SHA_512',CURRENT_DATE ,CURRENT_DATE ,null,1,null);
INSERT INTO ETX_ADT_ERROR (ERR_ID, ERR_RSP_CODE, ERR_DETAIL, ERR_CREATED_ON, ERR_UPDATED_ON) VALUES (1,'TECHNICAL',	'Failed to download attachment 36', CURRENT_DATE, CURRENT_DATE);
INSERT INTO ETX_ADT_ATTACHMENT (ATT_ID,MSG_ID,ATT_UUID,ATT_TYPE,ATT_STATE,ATT_DIRECTION,ATT_FILE_NAME,ATT_FILE_PATH,ATT_FILE_SIZE,ATT_MIME_TYPE,ATT_CHECKSUM,ATT_CHECKSUM_ALGORITHM,ATT_CREATED_ON,ATT_UPDATED_ON,ERR_ID,ATT_ACTIVE_STATE,DOMIBUS_MESSAGEID) VALUES (36,17,'BNDL_17_ATT_04',      'BINARY',  'ATTS_FAILED'  ,          'OUTGOING','eupl1.1.-licence-en_0.pdf','RELATIVE PATH',34271,'application/pdf','26316A5CAE50C2234CA16717C1F1CBE7B0330F7AA663BB94BEB622F1D4751634B4CA4A8CF4298974214C40353C5E6FAEE954561830871B5EFAC02776E9F925CB','SHA_512',CURRENT_DATE ,CURRENT_DATE ,1,   1,null);
INSERT INTO ETX_ADT_ATTACHMENT (ATT_ID,MSG_ID,ATT_UUID,ATT_TYPE,ATT_STATE,ATT_DIRECTION,ATT_FILE_NAME,ATT_FILE_PATH,ATT_FILE_SIZE,ATT_MIME_TYPE,ATT_CHECKSUM,ATT_CHECKSUM_ALGORITHM,ATT_CREATED_ON,ATT_UPDATED_ON,ERR_ID,ATT_ACTIVE_STATE,DOMIBUS_MESSAGEID) VALUES (37,17,'BNDL_17_ATT_05',      'BINARY',  'ATTS_ALREADY_UPLOADED',  'OUTGOING','eupl1.1.-licence-en_0.pdf','RELATIVE PATH',34271,'application/pdf','26316A5CAE50C2234CA16717C1F1CBE7B0330F7AA663BB94BEB622F1D4751634B4CA4A8CF4298974214C40353C5E6FAEE954561830871B5EFAC02776E9F925CB','SHA_512',CURRENT_DATE ,CURRENT_DATE ,null,1,null);
INSERT INTO ETX_ADT_ATTACHMENT (ATT_ID,MSG_ID,ATT_UUID,ATT_TYPE,ATT_STATE,ATT_DIRECTION,ATT_FILE_NAME,ATT_FILE_PATH,ATT_FILE_SIZE,ATT_MIME_TYPE,ATT_CHECKSUM,ATT_CHECKSUM_ALGORITHM,ATT_CREATED_ON,ATT_UPDATED_ON,ERR_ID,ATT_ACTIVE_STATE,DOMIBUS_MESSAGEID) VALUES (38,17,'BNDL_17_ATT_METADATA','METADATA','ATTS_IGNORED',           'OUTGOING','eupl1.1.-licence-en_0.pdf','RELATIVE PATH',34271,'application/txt','26316A5CAE50C2234CA16717C1F1CBE7B0330F7AA663BB94BEB622F1D4751634B4CA4A8CF4298974214C40353C5E6FAEE954561830871B5EFAC02776E9F925CB','SHA_512',CURRENT_DATE ,CURRENT_DATE ,null,1,null);

---Pending Outgoing MessageBundle with some attachments in non final states
INSERT INTO ETX_ADT_MESSAGE(MSG_ID,MSG_TYPE,MSG_UUID,MSG_STATE,MSG_PARENT_UUID,MSG_REF_UUID,MSG_REF_STATE,MSG_SUBJECT,MSG_CONTENT,MSG_SENDER_PAR_ID,MSG_RECEIVER_PAR_ID,MSG_NOTIFICATION_STATE,MSG_DIRECTION,MSG_ISSUE_DT,ERR_ID,MSG_CREATED_ON,MSG_UPDATED_ON,MSG_STATUS_REASON_CODE,DOMIBUS_MESSAGEID) VALUES (18,'MESSAGE_BUNDLE','BNDL_18','MS_CREATED',null,null,null ,'EUPL TEST MSG SUBJECT BNDL_18','EUPL TEST MSG CONTENT',1001,1002,null,'OUT',CURRENT_DATE,null,CURRENT_DATE,CURRENT_DATE,null,NULL);
INSERT INTO ETX_ADT_ATTACHMENT (ATT_ID,MSG_ID,ATT_UUID,ATT_TYPE,ATT_STATE,ATT_DIRECTION,ATT_FILE_NAME,ATT_FILE_PATH,ATT_FILE_SIZE,ATT_MIME_TYPE,ATT_CHECKSUM,ATT_CHECKSUM_ALGORITHM,ATT_CREATED_ON,ATT_UPDATED_ON,ERR_ID,ATT_ACTIVE_STATE,DOMIBUS_MESSAGEID) VALUES (39,18,'BNDL_18_ATT_01',      'BINARY',  'ATTS_UPLOADED',          'OUTGOING','eupl1.1.-licence-en_0.pdf','RELATIVE PATH',34271,'application/pdf','26316A5CAE50C2234CA16717C1F1CBE7B0330F7AA663BB94BEB622F1D4751634B4CA4A8CF4298974214C40353C5E6FAEE954561830871B5EFAC02776E9F925CB','SHA_512',CURRENT_DATE ,CURRENT_DATE ,null,1,'b3f36a7e-7077-40ae-8eed-d2af13f22f32@domibus.eu');
INSERT INTO ETX_ADT_ATTACHMENT (ATT_ID,MSG_ID,ATT_UUID,ATT_TYPE,ATT_STATE,ATT_DIRECTION,ATT_FILE_NAME,ATT_FILE_PATH,ATT_FILE_SIZE,ATT_MIME_TYPE,ATT_CHECKSUM,ATT_CHECKSUM_ALGORITHM,ATT_CREATED_ON,ATT_UPDATED_ON,ERR_ID,ATT_ACTIVE_STATE,DOMIBUS_MESSAGEID) VALUES (40,18,'BNDL_18_ATT_02',      'BINARY',  'ATTS_DOWNLOADED',        'OUTGOING','eupl1.1.-licence-en_0.pdf','RELATIVE PATH',34271,'application/pdf','26316A5CAE50C2234CA16717C1F1CBE7B0330F7AA663BB94BEB622F1D4751634B4CA4A8CF4298974214C40353C5E6FAEE954561830871B5EFAC02776E9F925CB','SHA_512',CURRENT_DATE ,CURRENT_DATE ,null,1,'b3f36a7e-7077-40ae-8eed-d2af13f22f33@domibus.eu');
INSERT INTO ETX_ADT_ATTACHMENT (ATT_ID,MSG_ID,ATT_UUID,ATT_TYPE,ATT_STATE,ATT_DIRECTION,ATT_FILE_NAME,ATT_FILE_PATH,ATT_FILE_SIZE,ATT_MIME_TYPE,ATT_CHECKSUM,ATT_CHECKSUM_ALGORITHM,ATT_CREATED_ON,ATT_UPDATED_ON,ERR_ID,ATT_ACTIVE_STATE,DOMIBUS_MESSAGEID) VALUES (41,18,'BNDL_18_ATT_03',      'BINARY',  'ATTS_ALREADY_UPLOADED',  'OUTGOING','eupl1.1.-licence-en_0.pdf','RELATIVE PATH',34271,'application/pdf','26316A5CAE50C2234CA16717C1F1CBE7B0330F7AA663BB94BEB622F1D4751634B4CA4A8CF4298974214C40353C5E6FAEE954561830871B5EFAC02776E9F925CB','SHA_512',CURRENT_DATE ,CURRENT_DATE ,null,1,null);
INSERT INTO ETX_ADT_ERROR (ERR_ID, ERR_RSP_CODE, ERR_DETAIL, ERR_CREATED_ON, ERR_UPDATED_ON) VALUES (2,'TECHNICAL',	'Failed to upload attachment 42', CURRENT_DATE, CURRENT_DATE);
INSERT INTO ETX_ADT_ATTACHMENT (ATT_ID,MSG_ID,ATT_UUID,ATT_TYPE,ATT_STATE,ATT_DIRECTION,ATT_FILE_NAME,ATT_FILE_PATH,ATT_FILE_SIZE,ATT_MIME_TYPE,ATT_CHECKSUM,ATT_CHECKSUM_ALGORITHM,ATT_CREATED_ON,ATT_UPDATED_ON,ERR_ID,ATT_ACTIVE_STATE,DOMIBUS_MESSAGEID) VALUES (42,18,'BNDL_18_ATT_04',      'BINARY',  'ATTS_FAILED'  ,          'OUTGOING','eupl1.1.-licence-en_0.pdf','RELATIVE PATH',34271,'application/pdf','26316A5CAE50C2234CA16717C1F1CBE7B0330F7AA663BB94BEB622F1D4751634B4CA4A8CF4298974214C40353C5E6FAEE954561830871B5EFAC02776E9F925CB','SHA_512',CURRENT_DATE ,CURRENT_DATE ,2,   1,'b3f36a7e-7077-40ae-8eed-d2af13f22f34@domibus.eu');
INSERT INTO ETX_ADT_ATTACHMENT (ATT_ID,MSG_ID,ATT_UUID,ATT_TYPE,ATT_STATE,ATT_DIRECTION,ATT_FILE_NAME,ATT_FILE_PATH,ATT_FILE_SIZE,ATT_MIME_TYPE,ATT_CHECKSUM,ATT_CHECKSUM_ALGORITHM,ATT_CREATED_ON,ATT_UPDATED_ON,ERR_ID,ATT_ACTIVE_STATE,DOMIBUS_MESSAGEID) VALUES (43,18,'BNDL_18_ATT_05',      'BINARY',  'ATTS_ALREADY_UPLOADED',  'OUTGOING','eupl1.1.-licence-en_0.pdf','RELATIVE PATH',34271,'application/pdf','26316A5CAE50C2234CA16717C1F1CBE7B0330F7AA663BB94BEB622F1D4751634B4CA4A8CF4298974214C40353C5E6FAEE954561830871B5EFAC02776E9F925CB','SHA_512',CURRENT_DATE ,CURRENT_DATE ,null,1,null);
INSERT INTO ETX_ADT_ATTACHMENT (ATT_ID,MSG_ID,ATT_UUID,ATT_TYPE,ATT_STATE,ATT_DIRECTION,ATT_FILE_NAME,ATT_FILE_PATH,ATT_FILE_SIZE,ATT_MIME_TYPE,ATT_CHECKSUM,ATT_CHECKSUM_ALGORITHM,ATT_CREATED_ON,ATT_UPDATED_ON,ERR_ID,ATT_ACTIVE_STATE,DOMIBUS_MESSAGEID) VALUES (44,18,'BNDL_18_ATT_METADATA','METADATA','ATTS_IGNORED',           'OUTGOING','eupl1.1.-licence-en_0.pdf','RELATIVE PATH',34271,'application/txt','26316A5CAE50C2234CA16717C1F1CBE7B0330F7AA663BB94BEB622F1D4751634B4CA4A8CF4298974214C40353C5E6FAEE954561830871B5EFAC02776E9F925CB','SHA_512',CURRENT_DATE ,CURRENT_DATE ,null,1,null);

--Pending Incoming MessageBundle with all attachments in uploaded state
INSERT INTO ETX_ADT_MESSAGE(MSG_ID,MSG_TYPE,MSG_UUID,MSG_STATE,MSG_PARENT_UUID,MSG_REF_UUID,MSG_REF_STATE,MSG_SUBJECT,MSG_CONTENT,MSG_SENDER_PAR_ID,MSG_RECEIVER_PAR_ID,MSG_NOTIFICATION_STATE,MSG_DIRECTION,MSG_ISSUE_DT,ERR_ID,MSG_CREATED_ON,MSG_UPDATED_ON,MSG_STATUS_REASON_CODE,DOMIBUS_MESSAGEID) VALUES (19,'MESSAGE_BUNDLE','BNDL_19','MS_CREATED',null,null,null ,'EUPL TEST MSG SUBJECT BNDL_19','EUPL TEST MSG CONTENT',1002,1001,null,'IN',CURRENT_DATE,null,CURRENT_DATE,CURRENT_DATE,null,'b3f36a7e-7077-40ae-8eed-d2af13f22f35@domibus.eu');
INSERT INTO ETX_ADT_ATTACHMENT (ATT_ID,MSG_ID,ATT_UUID,ATT_TYPE,ATT_STATE,ATT_DIRECTION,ATT_FILE_NAME,ATT_FILE_PATH,ATT_FILE_SIZE,ATT_MIME_TYPE,ATT_CHECKSUM,ATT_CHECKSUM_ALGORITHM,ATT_CREATED_ON,ATT_UPDATED_ON,ERR_ID,ATT_ACTIVE_STATE,DOMIBUS_MESSAGEID) VALUES (45,19,'BNDL_19_ATT_01',      'BINARY',  'ATTS_UPLOADED',          'INCOMING','eupl1.1.-licence-en_0.pdf',NULL,34271,'application/pdf','26316A5CAE50C2234CA16717C1F1CBE7B0330F7AA663BB94BEB622F1D4751634B4CA4A8CF4298974214C40353C5E6FAEE954561830871B5EFAC02776E9F925CB','SHA_512',CURRENT_DATE ,CURRENT_DATE ,null,1,'b3f36a7e-7077-40ae-8eed-d2af13f22f36@domibus.eu');
INSERT INTO ETX_ADT_ATTACHMENT (ATT_ID,MSG_ID,ATT_UUID,ATT_TYPE,ATT_STATE,ATT_DIRECTION,ATT_FILE_NAME,ATT_FILE_PATH,ATT_FILE_SIZE,ATT_MIME_TYPE,ATT_CHECKSUM,ATT_CHECKSUM_ALGORITHM,ATT_CREATED_ON,ATT_UPDATED_ON,ERR_ID,ATT_ACTIVE_STATE,DOMIBUS_MESSAGEID) VALUES (46,19,'BNDL_19_ATT_02',      'BINARY',  'ATTS_UPLOADED',          'INCOMING','eupl1.1.-licence-en_0.pdf',NULL,34271,'application/pdf','26316A5CAE50C2234CA16717C1F1CBE7B0330F7AA663BB94BEB622F1D4751634B4CA4A8CF4298974214C40353C5E6FAEE954561830871B5EFAC02776E9F925CB','SHA_512',CURRENT_DATE ,CURRENT_DATE ,null,1,'b3f36a7e-7077-40ae-8eed-d2af13f22f37@domibus.eu');
INSERT INTO ETX_ADT_ATTACHMENT (ATT_ID,MSG_ID,ATT_UUID,ATT_TYPE,ATT_STATE,ATT_DIRECTION,ATT_FILE_NAME,ATT_FILE_PATH,ATT_FILE_SIZE,ATT_MIME_TYPE,ATT_CHECKSUM,ATT_CHECKSUM_ALGORITHM,ATT_CREATED_ON,ATT_UPDATED_ON,ERR_ID,ATT_ACTIVE_STATE,DOMIBUS_MESSAGEID) VALUES (47,19,'BNDL_19_ATT_03',      'BINARY',  'ATTS_ALREADY_UPLOADED',  'INCOMING','eupl1.1.-licence-en_0.pdf',NULL,34271,'application/pdf','26316A5CAE50C2234CA16717C1F1CBE7B0330F7AA663BB94BEB622F1D4751634B4CA4A8CF4298974214C40353C5E6FAEE954561830871B5EFAC02776E9F925CB','SHA_512',CURRENT_DATE ,CURRENT_DATE ,null,1,'b3f36a7e-7077-40ae-8eed-d2af13f22f38@domibus.eu');
INSERT INTO ETX_ADT_ATTACHMENT (ATT_ID,MSG_ID,ATT_UUID,ATT_TYPE,ATT_STATE,ATT_DIRECTION,ATT_FILE_NAME,ATT_FILE_PATH,ATT_FILE_SIZE,ATT_MIME_TYPE,ATT_CHECKSUM,ATT_CHECKSUM_ALGORITHM,ATT_CREATED_ON,ATT_UPDATED_ON,ERR_ID,ATT_ACTIVE_STATE,DOMIBUS_MESSAGEID) VALUES (48,19,'BNDL_19_ATT_04',      'BINARY',  'ATTS_UPLOADED',          'INCOMING','eupl1.1.-licence-en_0.pdf',NULL,34271,'application/pdf','26316A5CAE50C2234CA16717C1F1CBE7B0330F7AA663BB94BEB622F1D4751634B4CA4A8CF4298974214C40353C5E6FAEE954561830871B5EFAC02776E9F925CB','SHA_512',CURRENT_DATE ,CURRENT_DATE ,null,1,'b3f36a7e-7077-40ae-8eed-d2af13f22f39@domibus.eu');
INSERT INTO ETX_ADT_ATTACHMENT (ATT_ID,MSG_ID,ATT_UUID,ATT_TYPE,ATT_STATE,ATT_DIRECTION,ATT_FILE_NAME,ATT_FILE_PATH,ATT_FILE_SIZE,ATT_MIME_TYPE,ATT_CHECKSUM,ATT_CHECKSUM_ALGORITHM,ATT_CREATED_ON,ATT_UPDATED_ON,ERR_ID,ATT_ACTIVE_STATE,DOMIBUS_MESSAGEID) VALUES (49,19,'BNDL_19_ATT_05',      'BINARY',  'ATTS_ALREADY_UPLOADED',  'INCOMING','eupl1.1.-licence-en_0.pdf',NULL,34271,'application/pdf','26316A5CAE50C2234CA16717C1F1CBE7B0330F7AA663BB94BEB622F1D4751634B4CA4A8CF4298974214C40353C5E6FAEE954561830871B5EFAC02776E9F925CB','SHA_512',CURRENT_DATE ,CURRENT_DATE ,null,1,null);
INSERT INTO ETX_ADT_ATTACHMENT (ATT_ID,MSG_ID,ATT_UUID,ATT_TYPE,ATT_STATE,ATT_DIRECTION,ATT_FILE_NAME,ATT_FILE_PATH,ATT_FILE_SIZE,ATT_MIME_TYPE,ATT_CHECKSUM,ATT_CHECKSUM_ALGORITHM,ATT_CREATED_ON,ATT_UPDATED_ON,ERR_ID,ATT_ACTIVE_STATE,DOMIBUS_MESSAGEID) VALUES (50,19,'BNDL_19_ATT_METADATA','METADATA','ATTS_IGNORED',           'INCOMING','eupl1.1.-licence-en_0.pdf',NULL,34271,'application/txt','26316A5CAE50C2234CA16717C1F1CBE7B0330F7AA663BB94BEB622F1D4751634B4CA4A8CF4298974214C40353C5E6FAEE954561830871B5EFAC02776E9F925CB','SHA_512',CURRENT_DATE ,CURRENT_DATE ,null,1,null);

---Pending Incoming MessageBundle with all attachment in final states and 1 attachment is in failed state
INSERT INTO ETX_ADT_MESSAGE(MSG_ID,MSG_TYPE,MSG_UUID,MSG_STATE,MSG_PARENT_UUID,MSG_REF_UUID,MSG_REF_STATE,MSG_SUBJECT,MSG_CONTENT,MSG_SENDER_PAR_ID,MSG_RECEIVER_PAR_ID,MSG_NOTIFICATION_STATE,MSG_DIRECTION,MSG_ISSUE_DT,ERR_ID,MSG_CREATED_ON,MSG_UPDATED_ON,MSG_STATUS_REASON_CODE,DOMIBUS_MESSAGEID) VALUES (20,'MESSAGE_BUNDLE','BNDL_20','MS_CREATED',null,null,null ,'EUPL TEST MSG SUBJECT BNDL_20','EUPL TEST MSG CONTENT',1002,1001,null,'IN',CURRENT_DATE,null,CURRENT_DATE,CURRENT_DATE,null,'b3f36a7e-7077-40ae-8eed-d2af13f22f40@domibus.eu');
INSERT INTO ETX_ADT_ATTACHMENT (ATT_ID,MSG_ID,ATT_UUID,ATT_TYPE,ATT_STATE,ATT_DIRECTION,ATT_FILE_NAME,ATT_FILE_PATH,ATT_FILE_SIZE,ATT_MIME_TYPE,ATT_CHECKSUM,ATT_CHECKSUM_ALGORITHM,ATT_CREATED_ON,ATT_UPDATED_ON,ERR_ID,ATT_ACTIVE_STATE,DOMIBUS_MESSAGEID) VALUES (51,20,'BNDL_20_ATT_01',      'BINARY',  'ATTS_UPLOADED',          'INCOMING','eupl1.1.-licence-en_0.pdf',NULL,34271,'application/pdf','26316A5CAE50C2234CA16717C1F1CBE7B0330F7AA663BB94BEB622F1D4751634B4CA4A8CF4298974214C40353C5E6FAEE954561830871B5EFAC02776E9F925CB','SHA_512',CURRENT_DATE ,CURRENT_DATE ,null,1,'b3f36a7e-7077-40ae-8eed-d2af13f22f41@domibus.eu');
INSERT INTO ETX_ADT_ATTACHMENT (ATT_ID,MSG_ID,ATT_UUID,ATT_TYPE,ATT_STATE,ATT_DIRECTION,ATT_FILE_NAME,ATT_FILE_PATH,ATT_FILE_SIZE,ATT_MIME_TYPE,ATT_CHECKSUM,ATT_CHECKSUM_ALGORITHM,ATT_CREATED_ON,ATT_UPDATED_ON,ERR_ID,ATT_ACTIVE_STATE,DOMIBUS_MESSAGEID) VALUES (52,20,'BNDL_20_ATT_02',      'BINARY',  'ATTS_UPLOADED',          'INCOMING','eupl1.1.-licence-en_0.pdf',NULL,34271,'application/pdf','26316A5CAE50C2234CA16717C1F1CBE7B0330F7AA663BB94BEB622F1D4751634B4CA4A8CF4298974214C40353C5E6FAEE954561830871B5EFAC02776E9F925CB','SHA_512',CURRENT_DATE ,CURRENT_DATE ,null,1,'b3f36a7e-7077-40ae-8eed-d2af13f22f42@domibus.eu');
INSERT INTO ETX_ADT_ATTACHMENT (ATT_ID,MSG_ID,ATT_UUID,ATT_TYPE,ATT_STATE,ATT_DIRECTION,ATT_FILE_NAME,ATT_FILE_PATH,ATT_FILE_SIZE,ATT_MIME_TYPE,ATT_CHECKSUM,ATT_CHECKSUM_ALGORITHM,ATT_CREATED_ON,ATT_UPDATED_ON,ERR_ID,ATT_ACTIVE_STATE,DOMIBUS_MESSAGEID) VALUES (53,20,'BNDL_20_ATT_03',      'BINARY',  'ATTS_ALREADY_UPLOADED',  'INCOMING','eupl1.1.-licence-en_0.pdf',NULL,34271,'application/pdf','26316A5CAE50C2234CA16717C1F1CBE7B0330F7AA663BB94BEB622F1D4751634B4CA4A8CF4298974214C40353C5E6FAEE954561830871B5EFAC02776E9F925CB','SHA_512',CURRENT_DATE ,CURRENT_DATE ,null,1,'b3f36a7e-7077-40ae-8eed-d2af13f22f43@domibus.eu');
INSERT INTO ETX_ADT_ERROR (ERR_ID, ERR_RSP_CODE, ERR_DETAIL, ERR_CREATED_ON, ERR_UPDATED_ON) VALUES (3,'TECHNICAL',	'Failed to upload attachment 54', CURRENT_DATE, CURRENT_DATE);
INSERT INTO ETX_ADT_ATTACHMENT (ATT_ID,MSG_ID,ATT_UUID,ATT_TYPE,ATT_STATE,ATT_DIRECTION,ATT_FILE_NAME,ATT_FILE_PATH,ATT_FILE_SIZE,ATT_MIME_TYPE,ATT_CHECKSUM,ATT_CHECKSUM_ALGORITHM,ATT_CREATED_ON,ATT_UPDATED_ON,ERR_ID,ATT_ACTIVE_STATE,DOMIBUS_MESSAGEID) VALUES (54,20,'BNDL_20_ATT_04',      'BINARY',  'ATTS_FAILED',            'INCOMING','eupl1.1.-licence-en_0.pdf',NULL,34271,'application/pdf','26316A5CAE50C2234CA16717C1F1CBE7B0330F7AA663BB94BEB622F1D4751634B4CA4A8CF4298974214C40353C5E6FAEE954561830871B5EFAC02776E9F925CB','SHA_512',CURRENT_DATE ,CURRENT_DATE ,3,   1,'b3f36a7e-7077-40ae-8eed-d2af13f22f44@domibus.eu');
INSERT INTO ETX_ADT_ATTACHMENT (ATT_ID,MSG_ID,ATT_UUID,ATT_TYPE,ATT_STATE,ATT_DIRECTION,ATT_FILE_NAME,ATT_FILE_PATH,ATT_FILE_SIZE,ATT_MIME_TYPE,ATT_CHECKSUM,ATT_CHECKSUM_ALGORITHM,ATT_CREATED_ON,ATT_UPDATED_ON,ERR_ID,ATT_ACTIVE_STATE,DOMIBUS_MESSAGEID) VALUES (55,20,'BNDL_20_ATT_05',      'BINARY',  'ATTS_ALREADY_UPLOADED',  'INCOMING','eupl1.1.-licence-en_0.pdf',NULL,34271,'application/pdf','26316A5CAE50C2234CA16717C1F1CBE7B0330F7AA663BB94BEB622F1D4751634B4CA4A8CF4298974214C40353C5E6FAEE954561830871B5EFAC02776E9F925CB','SHA_512',CURRENT_DATE ,CURRENT_DATE ,null,1,null);
INSERT INTO ETX_ADT_ATTACHMENT (ATT_ID,MSG_ID,ATT_UUID,ATT_TYPE,ATT_STATE,ATT_DIRECTION,ATT_FILE_NAME,ATT_FILE_PATH,ATT_FILE_SIZE,ATT_MIME_TYPE,ATT_CHECKSUM,ATT_CHECKSUM_ALGORITHM,ATT_CREATED_ON,ATT_UPDATED_ON,ERR_ID,ATT_ACTIVE_STATE,DOMIBUS_MESSAGEID) VALUES (56,20,'BNDL_20_ATT_METADATA','METADATA','ATTS_IGNORED',           'INCOMING','eupl1.1.-licence-en_0.pdf',NULL,34271,'application/txt','26316A5CAE50C2234CA16717C1F1CBE7B0330F7AA663BB94BEB622F1D4751634B4CA4A8CF4298974214C40353C5E6FAEE954561830871B5EFAC02776E9F925CB','SHA_512',CURRENT_DATE ,CURRENT_DATE ,null,1,null);

---Pending Incoming MessageBundle with some attachments in non final states
INSERT INTO ETX_ADT_MESSAGE(MSG_ID,MSG_TYPE,MSG_UUID,MSG_STATE,MSG_PARENT_UUID,MSG_REF_UUID,MSG_REF_STATE,MSG_SUBJECT,MSG_CONTENT,MSG_SENDER_PAR_ID,MSG_RECEIVER_PAR_ID,MSG_NOTIFICATION_STATE,MSG_DIRECTION,MSG_ISSUE_DT,ERR_ID,MSG_CREATED_ON,MSG_UPDATED_ON,MSG_STATUS_REASON_CODE,DOMIBUS_MESSAGEID) VALUES (21,'MESSAGE_BUNDLE','BNDL_21','MS_CREATED',null,null,null ,'EUPL TEST MSG SUBJECT BNDL_20','EUPL TEST MSG CONTENT',1002,1001,null,'IN',CURRENT_DATE,null,CURRENT_DATE,CURRENT_DATE,null,'b3f36a7e-7077-40ae-8eed-d2af13f22f45@domibus.eu');
INSERT INTO ETX_ADT_ATTACHMENT (ATT_ID,MSG_ID,ATT_UUID,ATT_TYPE,ATT_STATE,ATT_DIRECTION,ATT_FILE_NAME,ATT_FILE_PATH,ATT_FILE_SIZE,ATT_MIME_TYPE,ATT_CHECKSUM,ATT_CHECKSUM_ALGORITHM,ATT_CREATED_ON,ATT_UPDATED_ON,ERR_ID,ATT_ACTIVE_STATE,DOMIBUS_MESSAGEID) VALUES (57,21,'BNDL_21_ATT_01',      'BINARY',  'ATTS_UPLOADED',          'INCOMING','eupl1.1.-licence-en_0.pdf',NULL,34271,'application/pdf','26316A5CAE50C2234CA16717C1F1CBE7B0330F7AA663BB94BEB622F1D4751634B4CA4A8CF4298974214C40353C5E6FAEE954561830871B5EFAC02776E9F925CB','SHA_512',CURRENT_DATE ,CURRENT_DATE ,null,1,'b3f36a7e-7077-40ae-8eed-d2af13f22f46@domibus.eu');
INSERT INTO ETX_ADT_ATTACHMENT (ATT_ID,MSG_ID,ATT_UUID,ATT_TYPE,ATT_STATE,ATT_DIRECTION,ATT_FILE_NAME,ATT_FILE_PATH,ATT_FILE_SIZE,ATT_MIME_TYPE,ATT_CHECKSUM,ATT_CHECKSUM_ALGORITHM,ATT_CREATED_ON,ATT_UPDATED_ON,ERR_ID,ATT_ACTIVE_STATE,DOMIBUS_MESSAGEID) VALUES (58,21,'BNDL_21_ATT_02',      'BINARY',  'ATTS_DOWNLOADED',        'INCOMING','eupl1.1.-licence-en_0.pdf',NULL,34271,'application/pdf','26316A5CAE50C2234CA16717C1F1CBE7B0330F7AA663BB94BEB622F1D4751634B4CA4A8CF4298974214C40353C5E6FAEE954561830871B5EFAC02776E9F925CB','SHA_512',CURRENT_DATE ,CURRENT_DATE ,null,1,'b3f36a7e-7077-40ae-8eed-d2af13f22f47@domibus.eu');
INSERT INTO ETX_ADT_ATTACHMENT (ATT_ID,MSG_ID,ATT_UUID,ATT_TYPE,ATT_STATE,ATT_DIRECTION,ATT_FILE_NAME,ATT_FILE_PATH,ATT_FILE_SIZE,ATT_MIME_TYPE,ATT_CHECKSUM,ATT_CHECKSUM_ALGORITHM,ATT_CREATED_ON,ATT_UPDATED_ON,ERR_ID,ATT_ACTIVE_STATE,DOMIBUS_MESSAGEID) VALUES (59,21,'BNDL_21_ATT_03',      'BINARY',  'ATTS_ALREADY_UPLOADED',  'INCOMING','eupl1.1.-licence-en_0.pdf',NULL,34271,'application/pdf','26316A5CAE50C2234CA16717C1F1CBE7B0330F7AA663BB94BEB622F1D4751634B4CA4A8CF4298974214C40353C5E6FAEE954561830871B5EFAC02776E9F925CB','SHA_512',CURRENT_DATE ,CURRENT_DATE ,null,1,'b3f36a7e-7077-40ae-8eed-d2af13f22f48@domibus.eu');
INSERT INTO ETX_ADT_ERROR (ERR_ID, ERR_RSP_CODE, ERR_DETAIL, ERR_CREATED_ON, ERR_UPDATED_ON) VALUES (4,'TECHNICAL',	'Failed to upload attachment 60', CURRENT_DATE, CURRENT_DATE);
INSERT INTO ETX_ADT_ATTACHMENT (ATT_ID,MSG_ID,ATT_UUID,ATT_TYPE,ATT_STATE,ATT_DIRECTION,ATT_FILE_NAME,ATT_FILE_PATH,ATT_FILE_SIZE,ATT_MIME_TYPE,ATT_CHECKSUM,ATT_CHECKSUM_ALGORITHM,ATT_CREATED_ON,ATT_UPDATED_ON,ERR_ID,ATT_ACTIVE_STATE,DOMIBUS_MESSAGEID) VALUES (60,21,'BNDL_21_ATT_04',      'BINARY',  'ATTS_FAILED',            'INCOMING','eupl1.1.-licence-en_0.pdf',NULL,34271,'application/pdf','26316A5CAE50C2234CA16717C1F1CBE7B0330F7AA663BB94BEB622F1D4751634B4CA4A8CF4298974214C40353C5E6FAEE954561830871B5EFAC02776E9F925CB','SHA_512',CURRENT_DATE ,CURRENT_DATE ,3,   1,'b3f36a7e-7077-40ae-8eed-d2af13f22f49@domibus.eu');
INSERT INTO ETX_ADT_ATTACHMENT (ATT_ID,MSG_ID,ATT_UUID,ATT_TYPE,ATT_STATE,ATT_DIRECTION,ATT_FILE_NAME,ATT_FILE_PATH,ATT_FILE_SIZE,ATT_MIME_TYPE,ATT_CHECKSUM,ATT_CHECKSUM_ALGORITHM,ATT_CREATED_ON,ATT_UPDATED_ON,ERR_ID,ATT_ACTIVE_STATE,DOMIBUS_MESSAGEID) VALUES (61,21,'BNDL_21_ATT_05',      'BINARY',  'ATTS_ALREADY_UPLOADED',  'INCOMING','eupl1.1.-licence-en_0.pdf',NULL,34271,'application/pdf','26316A5CAE50C2234CA16717C1F1CBE7B0330F7AA663BB94BEB622F1D4751634B4CA4A8CF4298974214C40353C5E6FAEE954561830871B5EFAC02776E9F925CB','SHA_512',CURRENT_DATE ,CURRENT_DATE ,null,1,null);
INSERT INTO ETX_ADT_ATTACHMENT (ATT_ID,MSG_ID,ATT_UUID,ATT_TYPE,ATT_STATE,ATT_DIRECTION,ATT_FILE_NAME,ATT_FILE_PATH,ATT_FILE_SIZE,ATT_MIME_TYPE,ATT_CHECKSUM,ATT_CHECKSUM_ALGORITHM,ATT_CREATED_ON,ATT_UPDATED_ON,ERR_ID,ATT_ACTIVE_STATE,DOMIBUS_MESSAGEID) VALUES (62,21,'BNDL_21_ATT_METADATA','METADATA','ATTS_IGNORED',           'INCOMING','eupl1.1.-licence-en_0.pdf',NULL,34271,'application/txt','26316A5CAE50C2234CA16717C1F1CBE7B0330F7AA663BB94BEB622F1D4751634B4CA4A8CF4298974214C40353C5E6FAEE954561830871B5EFAC02776E9F925CB','SHA_512',CURRENT_DATE ,CURRENT_DATE ,null,1,null);
---Test Data for PostUpload polling cron job end

---Test duplicate message bundle or status due to resend from ETX Node start
Insert into ETX_ADT_MESSAGE (MSG_ID,MSG_TYPE,MSG_UUID,MSG_STATE,MSG_PARENT_UUID,MSG_REF_UUID,MSG_REF_STATE,MSG_SUBJECT,MSG_CONTENT,MSG_SENDER_PAR_ID,MSG_RECEIVER_PAR_ID,MSG_NOTIFICATION_STATE,MSG_DIRECTION,MSG_ISSUE_DT,ERR_ID,MSG_CREATED_ON,MSG_UPDATED_ON,MSG_STATUS_REASON_CODE,DOMIBUS_MESSAGEID) VALUES (22,'MESSAGE_BUNDLE','DUPL_BNDL1','MS_PROCESSED',null,null,null,'TEST DUPLICATE BUNDLE','TEST DUPLICATE BUNDLE',1001,1002,'NF_PENDING','IN','2017-03-17',null,'2017-07-10','2017-07-10',null,null);
Insert into ETX_ADT_MESSAGE (MSG_ID,MSG_TYPE,MSG_UUID,MSG_STATE,MSG_PARENT_UUID,MSG_REF_UUID,MSG_REF_STATE,MSG_SUBJECT,MSG_CONTENT,MSG_SENDER_PAR_ID,MSG_RECEIVER_PAR_ID,MSG_NOTIFICATION_STATE,MSG_DIRECTION,MSG_ISSUE_DT,ERR_ID,MSG_CREATED_ON,MSG_UPDATED_ON,MSG_STATUS_REASON_CODE,DOMIBUS_MESSAGEID) VALUES (23,'MESSAGE_BUNDLE','DUPL_BNDL1','MS_PROCESSED',null,null,null,'TEST DUPLICATE BUNDLE','TEST DUPLICATE BUNDLE',1001,1002,'NF_PENDING','IN','2017-03-17',null,'2017-07-11','2017-07-11',null,null);
Insert into ETX_ADT_MESSAGE (MSG_ID,MSG_TYPE,MSG_UUID,MSG_STATE,MSG_PARENT_UUID,MSG_REF_UUID,MSG_REF_STATE,MSG_SUBJECT,MSG_CONTENT,MSG_SENDER_PAR_ID,MSG_RECEIVER_PAR_ID,MSG_NOTIFICATION_STATE,MSG_DIRECTION,MSG_ISSUE_DT,ERR_ID,MSG_CREATED_ON,MSG_UPDATED_ON,MSG_STATUS_REASON_CODE,DOMIBUS_MESSAGEID) VALUES (24,'MESSAGE_STATUS','DUPL_STATUS1','MS_PROCESSED',null,null,null,'TEST DUPLICATE STATUS','TEST DUPLICATE STATUS',1001,1002,'NF_PENDING','IN','2017-03-17',null,'2017-07-10','2017-07-10',null,null);
Insert into ETX_ADT_MESSAGE (MSG_ID,MSG_TYPE,MSG_UUID,MSG_STATE,MSG_PARENT_UUID,MSG_REF_UUID,MSG_REF_STATE,MSG_SUBJECT,MSG_CONTENT,MSG_SENDER_PAR_ID,MSG_RECEIVER_PAR_ID,MSG_NOTIFICATION_STATE,MSG_DIRECTION,MSG_ISSUE_DT,ERR_ID,MSG_CREATED_ON,MSG_UPDATED_ON,MSG_STATUS_REASON_CODE,DOMIBUS_MESSAGEID) VALUES (25,'MESSAGE_STATUS','DUPL_STATUS1','MS_PROCESSED',null,null,null,'TEST DUPLICATE STATUS','TEST DUPLICATE STATUS',1001,1002,'NF_PENDING','IN','2017-03-17',null,'2017-07-11','2017-07-11',null,null);
---Test duplicate message bundle or status due to resend from ETX Node end


---Test data for Retrigger Message Bundle start

---Test data for Retrigger Message Bundle end